{
  "bet_level": {
    "edge": {
      "n": 1900,
      "mean": 0.06722936574125533,
      "std": 0.10718624866745144,
      "min": 0.030007228115141782,
      "max": 0.9409985042539933,
      "p0.5": 0.030073195612692807,
      "p2.5": 0.03027081698760492,
      "p97.5": 0.4170598691421816,
      "p99.5": 0.7954515780786665
    },
    "back_odds": {
      "n": 1900,
      "mean": 3.7583736842105204,
      "std": 4.047096168995442,
      "min": 1.05,
      "max": 48.0,
      "p0.5": 1.13,
      "p2.5": 1.16475,
      "p97.5": 15.262499999999932,
      "p99.5": 29.009999999999764
    },
    "model_prob": {
      "n": 1900,
      "mean": 0.43210593384314,
      "std": 0.2200304017840129,
      "min": 0.05792217943959132,
      "max": 0.9767584020828567,
      "p0.5": 0.07170899605215551,
      "p2.5": 0.1070028423422369,
      "p97.5": 0.9198990022960712,
      "p99.5": 0.9664512079801613
    },
    "market_prob": {
      "n": 1900,
      "mean": 0.3648765681018839,
      "std": 0.2136308353743784,
      "min": 0.020416666666666666,
      "max": 0.8929283265566451,
      "p0.5": 0.027751287608160674,
      "p2.5": 0.04945054945054945,
      "p97.5": 0.8510792409097494,
      "p99.5": 0.8772604848018469
    }
  },
  "race_level": {
    "n_bets": {
      "n": 1725,
      "mean": 1.1014492753623188,
      "std": 0.3709634856199902,
      "min": 1.0,
      "max": 5.0,
      "p0.5": 1.0,
      "p2.5": 1.0,
      "p97.5": 2.0,
      "p99.5": 3.0
    },
    "sum_model_prob": {
      "n": 1725,
      "mean": 0.47594276771128435,
      "std": 0.2163905381303398,
      "min": 0.05792217943959132,
      "max": 1.1058799881024948,
      "p0.5": 0.07954292282872105,
      "p2.5": 0.13949665519315044,
      "p97.5": 0.9241615173017614,
      "p99.5": 0.9699208139872084
    },
    "mean_edge": {
      "n": 1725,
      "mean": 0.06767908273638415,
      "std": 0.11170723304179099,
      "min": 0.030007228115141782,
      "max": 0.9409985042539933,
      "p0.5": 0.030067904298890485,
      "p2.5": 0.03025550154816121,
      "p97.5": 0.4468727435374372,
      "p99.5": 0.8037320589378234
    },
    "mean_back_odds": {
      "n": 1725,
      "mean": 3.6138053140096567,
      "std": 3.9265711771538894,
      "min": 1.05,
      "max": 48.0,
      "p0.5": 1.13,
      "p2.5": 1.16,
      "p97.5": 14.841999999999967,
      "p99.5": 28.759999999999764
    },
    "mean_model_prob": {
      "n": 1725,
      "mean": 0.45118645222148407,
      "std": 0.21875818084596105,
      "min": 0.05792217943959132,
      "max": 0.9767584020828567,
      "p0.5": 0.07954292282872105,
      "p2.5": 0.13577954755903038,
      "p97.5": 0.9214578439960404,
      "p99.5": 0.9668866892565335
    },
    "mean_market_prob": {
      "n": 1725,
      "mean": 0.3835073694851003,
      "std": 0.2124717022207302,
      "min": 0.020416666666666666,
      "max": 0.8929283265566451,
      "p0.5": 0.03097671568627451,
      "p2.5": 0.05709395424836601,
      "p97.5": 0.8583849101090482,
      "p99.5": 0.8787097601641654
    }
  },
  "daily_level": {
    "n_bets": {
      "n": 298,
      "mean": 6.375838926174497,
      "std": 3.5485597402129407,
      "min": 1.0,
      "max": 20.0,
      "p0.5": 1.0,
      "p2.5": 1.0,
      "p97.5": 15.574999999999989,
      "p99.5": 19.0
    },
    "win_rate": {
      "n": 298,
      "mean": 0.45492177300504755,
      "std": 0.24687615795145526,
      "min": 0.0,
      "max": 1.0,
      "p0.5": 0.0,
      "p2.5": 0.0,
      "p97.5": 1.0,
      "p99.5": 1.0
    },
    "n_races_with_bets": {
      "n": 298,
      "mean": 5.7885906040268456,
      "std": 2.949451360300778,
      "min": 1.0,
      "max": 17.0,
      "p0.5": 1.0,
      "p2.5": 1.0,
      "p97.5": 13.0,
      "p99.5": 16.0
    },
    "total_pnl": {
      "n": 298,
      "mean": 25.187500000000007,
      "std": 140.85285922613727,
      "min": -258.63124999999997,
      "max": 851.15625,
      "p0.5": -239.269375,
      "p2.5": -164.30656249999998,
      "p97.5": 396.76906249999945,
      "p99.5": 675.8627812499997
    },
    "mean_edge": {
      "n": 298,
      "mean": 0.0727504146771363,
      "std": 0.08529068787199814,
      "min": 0.03160370290969802,
      "max": 0.8817851769846511,
      "p0.5": 0.03213054101388394,
      "p2.5": 0.03398948462484197,
      "p97.5": 0.23092323115361815,
      "p99.5": 0.6497365062915222
    },
    "std_edge": {
      "n": 284,
      "mean": 0.05645719922174213,
      "std": 0.08655798775794615,
      "min": 0.0005173374529057844,
      "max": 0.5060322392477559,
      "p0.5": 0.0008559486675301356,
      "p2.5": 0.0027298308506071493,
      "p97.5": 0.27522325094508976,
      "p99.5": 0.3755000726196726
    },
    "mean_back_odds": {
      "n": 298,
      "mean": 3.717488032366784,
      "std": 2.142848861865862,
      "min": 1.2033333333333334,
      "max": 17.716666666666665,
      "p0.5": 1.217275,
      "p2.5": 1.5995000000000001,
      "p97.5": 10.407031249999998,
      "p99.5": 13.098553571428567
    },
    "mean_model_prob": {
      "n": 298,
      "mean": 0.45170705660981625,
      "std": 0.12559271731560911,
      "min": 0.20035442521859204,
      "max": 0.9748587700582442,
      "p0.5": 0.21504919030209954,
      "p2.5": 0.24824976263701543,
      "p97.5": 0.7332332540699644,
      "p99.5": 0.9170343844266138
    },
    "mean_market_prob": {
      "n": 298,
      "mean": 0.3789566419326797,
      "std": 0.11672793923003824,
      "min": 0.04902597402597403,
      "max": 0.8243186039961931,
      "p0.5": 0.11248621490808991,
      "p2.5": 0.17343381055365248,
      "p97.5": 0.646742212954434,
      "p99.5": 0.8166202308643767
    },
    "roi_pct": {
      "n": 298,
      "mean": 26.208042696931795,
      "std": 133.65813551704815,
      "min": -100.0,
      "max": 1130.8125,
      "p0.5": -100.0,
      "p2.5": -100.0,
      "p97.5": 271.2944345238093,
      "p99.5": 902.5687499999993
    },
    "pnl_per_bet": {
      "n": 298,
      "mean": 6.552010674232949,
      "std": 33.41453387926204,
      "min": -25.0,
      "max": 282.703125,
      "p0.5": -25.0,
      "p2.5": -25.0,
      "p97.5": 67.82360863095232,
      "p99.5": 225.64218749999984
    },
    "total_races": {
      "n": 298,
      "mean": 125.47315436241611,
      "std": 23.64227546881001,
      "min": 8.0,
      "max": 168.0,
      "p0.5": 72.395,
      "p2.5": 81.425,
      "p97.5": 164.0,
      "p99.5": 168.0
    },
    "frac_races_with_bets": {
      "n": 298,
      "mean": 0.046710263904796955,
      "std": 0.023965789812313475,
      "min": 0.00625,
      "max": 0.15841584158415842,
      "p0.5": 0.008332291015217845,
      "p2.5": 0.010158531497705466,
      "p97.5": 0.1038720016542597,
      "p99.5": 0.13651035986913831
    }
  },
  "metadata": {
    "edge_threshold": 0.03,
    "commission": 0.075,
    "stake": 25.0,
    "odds_filter": [
      1.01,
      50.0
    ],
    "min_market_prob": 0.02,
    "n_total_runners": 273622,
    "n_qualifying_bets": 1900,
    "n_races_with_bets": 1725,
    "n_days": 298,
    "date_range": [
      "2025-01-01",
      "2025-11-01"
    ]
  }
}